actual_answer,student_answer,score,feedback
"Water boils at 100 degrees Celsius at sea level.","Water boils at 100¬∞C at sea level.",0.95,"‚úÖ Excellent answer! Well-matched with key facts."
"Water boils at 100 degrees Celsius at sea level.","Water boils at around 100 degrees.",0.75,"üëç Very good answer! Minor improvements needed."
"Water boils at 100 degrees Celsius at sea level.","Water gets hot and turns to steam.",0.42,"ü§î Partially correct. Needs more specific details."
"Water boils at 100 degrees Celsius at sea level.","Water boils at 90 degrees Celsius.",0.35,"‚ö†Ô∏è Significant factual errors. Requires substantial revision."
"Water boils at 100 degrees Celsius at sea level.","Water turns into vapor at 100 degrees Celsius when at sea level pressure.",0.92,"‚úÖ Excellent answer! Well-matched with key facts."
"Water boils at 100 degrees Celsius at sea level.","Water changes from liquid to gas.",0.38,"ü§î Partially correct. Needs more specific details."
"Water boils at 100 degrees Celsius at sea level.","The boiling point of H2O is 100¬∞C at standard atmospheric pressure.",0.95,"‚úÖ Excellent answer! Well-matched with key facts."
"The Earth revolves around the Sun in approximately 365.25 days.","The Earth rotates around the Sun in 365 days.",0.75,"üëç Very good answer! Minor improvements needed."
"The Earth revolves around the Sun in approximately 365.25 days.","The Earth completes its orbit around the Sun in about 365.25 days, which is one year.",0.95,"‚úÖ Excellent answer! Well-matched with key facts."
"The Earth revolves around the Sun in approximately 365.25 days.","Earth goes around the sun.",0.45,"ü§î Partially correct. Needs more specific details."
"The Earth revolves around the Sun in approximately 365.25 days.","The Earth takes 24 hours to spin on its axis.",0.15,"‚ö†Ô∏è Significant factual errors. Requires substantial revision."
"The Earth revolves around the Sun in approximately 365.25 days.","It takes Earth one year to orbit the Sun completely.",0.82,"üëç Very good answer! Minor improvements needed."
"The Earth revolves around the Sun in approximately 365.25 days.","The orbital period of Earth around the Sun is approximately 365.25 days, which is why we have leap years.",0.98,"‚úÖ Excellent answer! Well-matched with key facts."
"The Great Wall of China is around 21,196 kilometers long.","The Great Wall of China is 10,000 kilometers long.",0.35,"‚ö†Ô∏è Significant factual errors. Requires substantial revision."
"The Great Wall of China is around 21,196 kilometers long.","The Great Wall of China is approximately 21,000 kilometers in length.",0.92,"‚úÖ Excellent answer! Well-matched with key facts."
"The Great Wall of China is around 21,196 kilometers long.","The Great Wall is very long and located in China.",0.48,"ü§î Partially correct. Needs more specific details."
"The Great Wall of China is around 21,196 kilometers long.","The Great Wall of China stretches for thousands of kilometers across northern China.",0.68,"üëç Very good answer! Minor improvements needed."
"The Great Wall of China is around 21,196 kilometers long.","The Great Wall spans about 21,196 km across northern China and was built to protect against invasions.",0.95,"‚úÖ Excellent answer! Well-matched with key facts."
"The Great Wall of China is around 21,196 kilometers long.","The Great Wall is a long series of walls and fortifications.",0.42,"ü§î Partially correct. Needs more specific details."
"Photosynthesis is the process by which green plants, algae, and some bacteria convert sunlight into chemical energy. During this process, plants take in carbon dioxide and water, and using the energy from sunlight, they produce glucose and oxygen. This process is vital for the Earth's ecosystem as it is the primary source of oxygen and organic matter for many living organisms.","Photosynthesis is how plants turn sunlight into energy. They absorb carbon dioxide and water, and through sunlight, they make glucose and release oxygen. This process supports life by producing oxygen.",0.72,"üëç Very good answer! Minor improvements needed."
"Photosynthesis is the process by which green plants, algae, and some bacteria convert sunlight into chemical energy. During this process, plants take in carbon dioxide and water, and using the energy from sunlight, they produce glucose and oxygen. This process is vital for the Earth's ecosystem as it is the primary source of oxygen and organic matter for many living organisms.","Photosynthesis is when plants make their own food using sunlight.",0.32,"‚ö†Ô∏è Answer covers only some key points. Expand your response to include more details."
"Photosynthesis is the process by which green plants, algae, and some bacteria convert sunlight into chemical energy. During this process, plants take in carbon dioxide and water, and using the energy from sunlight, they produce glucose and oxygen. This process is vital for the Earth's ecosystem as it is the primary source of oxygen and organic matter for many living organisms.","Photosynthesis is the biological process where plants, algae, and certain bacteria transform sunlight into chemical energy. The organisms absorb CO2 and H2O, and with sunlight energy, create glucose and release O2. This fundamental process provides both oxygen and organic compounds essential for Earth's ecosystem.",0.95,"‚úÖ Excellent answer! Well-matched with key facts."
"Photosynthesis is the process by which green plants, algae, and some bacteria convert sunlight into chemical energy. During this process, plants take in carbon dioxide and water, and using the energy from sunlight, they produce glucose and oxygen. This process is vital for the Earth's ecosystem as it is the primary source of oxygen and organic matter for many living organisms.","Plants use photosynthesis to convert water and nutrients from soil into energy.",0.25,"‚ö†Ô∏è Significant factual errors. Requires substantial revision."
"Photosynthesis is the process by which green plants, algae, and some bacteria convert sunlight into chemical energy. During this process, plants take in carbon dioxide and water, and using the energy from sunlight, they produce glucose and oxygen. This process is vital for the Earth's ecosystem as it is the primary source of oxygen and organic matter for many living organisms.","In photosynthesis, plants capture light energy to convert CO2 and H2O into glucose and oxygen, which is released as a byproduct.",0.85,"‚úÖ Excellent answer! Well-matched with key facts."
"Photosynthesis is the process by which green plants, algae, and some bacteria convert sunlight into chemical energy. During this process, plants take in carbon dioxide and water, and using the energy from sunlight, they produce glucose and oxygen. This process is vital for the Earth's ecosystem as it is the primary source of oxygen and organic matter for many living organisms.","The photosynthesis equation is: 6CO2 + 6H2O + light energy ‚Üí C6H12O6 + 6O2",0.68,"üëç Very good answer! Minor improvements needed."
"The Industrial Revolution was a period of major industrialization that began in the late 18th century and continued into the 19th century. It started in Britain and spread to other parts of the world. The revolution brought significant technological advancements, including the steam engine, mechanized textile production, and improved transportation systems. It also led to urbanization, changes in social structures, and economic growth.","The Industrial Revolution happened in the 18th century and started in Britain. It led to advancements in technology and transportation and changed society.",0.65,"ü§î Partially correct. Needs more specific details."
"The Industrial Revolution was a period of major industrialization that began in the late 18th century and continued into the 19th century. It started in Britain and spread to other parts of the world. The revolution brought significant technological advancements, including the steam engine, mechanized textile production, and improved transportation systems. It also led to urbanization, changes in social structures, and economic growth.","The Industrial Revolution was a time when factories were built and people moved to cities for work. It began in England.",0.48,"ü§î Partially correct. Needs more specific details."
"The Industrial Revolution was a period of major industrialization that began in the late 18th century and continued into the 19th century. It started in Britain and spread to other parts of the world. The revolution brought significant technological advancements, including the steam engine, mechanized textile production, and improved transportation systems. It also led to urbanization, changes in social structures, and economic growth.","The Industrial Revolution began in late 18th century Britain and continued through the 19th century. It introduced major technological innovations like the steam engine and mechanized manufacturing, while causing social shifts as people moved from rural areas to growing cities. This transformation spread globally and fundamentally changed economic systems.",0.92,"‚úÖ Excellent answer! Well-matched with key facts."
"The Industrial Revolution was a period of major industrialization that began in the late 18th century and continued into the 19th century. It started in Britain and spread to other parts of the world. The revolution brought significant technological advancements, including the steam engine, mechanized textile production, and improved transportation systems. It also led to urbanization, changes in social structures, and economic growth.","Industrial Revolution started in America in the 1900s with the invention of computers.",0.12,"‚ö†Ô∏è Significant factual errors. Requires substantial revision."
"The Industrial Revolution was a period of major industrialization that began in the late 18th century and continued into the 19th century. It started in Britain and spread to other parts of the world. The revolution brought significant technological advancements, including the steam engine, mechanized textile production, and improved transportation systems. It also led to urbanization, changes in social structures, and economic growth.","Starting in Britain in the late 1700s, the Industrial Revolution transformed manufacturing through inventions like the steam engine. It caused rapid urbanization and economic changes.",0.85,"‚úÖ Excellent answer! Well-matched with key facts."
"The Industrial Revolution was a period of major industrialization that began in the late 18th century and continued into the 19th century. It started in Britain and spread to other parts of the world. The revolution brought significant technological advancements, including the steam engine, mechanized textile production, and improved transportation systems. It also led to urbanization, changes in social structures, and economic growth.","The Industrial Revolution saw the rise of factories and manufacturing.",0.35,"‚ö†Ô∏è Answer is too brief. Provide more details."
"World War II lasted from 1939 to 1945 and involved many countries worldwide. The war was fought between the Allies, including the United States, the Soviet Union, and Britain, and the Axis Powers, led by Germany, Japan, and Italy. Major events included the invasion of Poland, the Battle of Stalingrad, the D-Day invasion, and the dropping of atomic bombs on Hiroshima and Nagasaki. The war ended with the unconditional surrender of Germany and Japan.","World War II happened in the 1900s and was fought between Germany and the United States. It ended with a big battle.",0.28,"‚ö†Ô∏è Answer has some correct elements but needs significant improvement."
"World War II lasted from 1939 to 1945 and involved many countries worldwide. The war was fought between the Allies, including the United States, the Soviet Union, and Britain, and the Axis Powers, led by Germany, Japan, and Italy. Major events included the invasion of Poland, the Battle of Stalingrad, the D-Day invasion, and the dropping of atomic bombs on Hiroshima and Nagasaki. The war ended with the unconditional surrender of Germany and Japan.","World War II was from 1939-1945. The Allies (US, UK, USSR) fought against the Axis (Germany, Italy, Japan). It began with Germany invading Poland and ended after atomic bombs were dropped on Japan.",0.85,"‚úÖ Excellent answer! Well-matched with key facts."
"World War II lasted from 1939 to 1945 and involved many countries worldwide. The war was fought between the Allies, including the United States, the Soviet Union, and Britain, and the Axis Powers, led by Germany, Japan, and Italy. Major events included the invasion of Poland, the Battle of Stalingrad, the D-Day invasion, and the dropping of atomic bombs on Hiroshima and Nagasaki. The war ended with the unconditional surrender of Germany and Japan.","WWII was a global conflict that lasted six years starting in 1939. It involved the Allies fighting against the Axis powers.",0.58,"ü§î Partially correct. Needs more specific details."
"World War II lasted from 1939 to 1945 and involved many countries worldwide. The war was fought between the Allies, including the United States, the Soviet Union, and Britain, and the Axis Powers, led by Germany, Japan, and Italy. Major events included the invasion of Poland, the Battle of Stalingrad, the D-Day invasion, and the dropping of atomic bombs on Hiroshima and Nagasaki. The war ended with the unconditional surrender of Germany and Japan.","World War 2 was caused by economic problems after World War 1.",0.15,"‚ö†Ô∏è Significant factual errors. Requires substantial revision."
"World War II lasted from 1939 to 1945 and involved many countries worldwide. The war was fought between the Allies, including the United States, the Soviet Union, and Britain, and the Axis Powers, led by Germany, Japan, and Italy. Major events included the invasion of Poland, the Battle of Stalingrad, the D-Day invasion, and the dropping of atomic bombs on Hiroshima and Nagasaki. The war ended with the unconditional surrender of Germany and Japan.","WWII (1939-1945) was fought between Allies (US, UK, USSR) and Axis powers (Germany, Italy, Japan). Key events included the Holocaust, Pearl Harbor, D-Day, and atomic bombings of Japan.",0.88,"‚úÖ Excellent answer! Well-matched with key facts."
"World War II lasted from 1939 to 1945 and involved many countries worldwide. The war was fought between the Allies, including the United States, the Soviet Union, and Britain, and the Axis Powers, led by Germany, Japan, and Italy. Major events included the invasion of Poland, the Battle of Stalingrad, the D-Day invasion, and the dropping of atomic bombs on Hiroshima and Nagasaki. The war ended with the unconditional surrender of Germany and Japan.","World War II began when Hitler invaded Poland in 1939.",0.42,"ü§î Partially correct. Needs more specific details."
"Newton's First Law states that an object at rest stays at rest and an object in motion stays in motion unless acted upon by an external force.","According to Newton's First Law, objects remain stationary or keep moving unless an outside force interferes.",0.88,"‚úÖ Excellent answer! Well-matched with key facts."
"Newton's First Law states that an object at rest stays at rest and an object in motion stays in motion unless acted upon by an external force.","Newton's First Law is about objects and motion.",0.35,"‚ö†Ô∏è Answer is too brief. Provide more details."
"Newton's First Law states that an object at rest stays at rest and an object in motion stays in motion unless acted upon by an external force.","Newton's First Law says that objects will remain in their current state of motion unless acted on by a force.",0.92,"‚úÖ Excellent answer! Well-matched with key facts."
"Newton's First Law states that an object at rest stays at rest and an object in motion stays in motion unless acted upon by an external force.","Newton's First Law states that force equals mass times acceleration.",0.12,"‚ö†Ô∏è Significant factual errors. Requires substantial revision."
"Newton's First Law states that an object at rest stays at rest and an object in motion stays in motion unless acted upon by an external force.","The Law of Inertia (Newton's 1st Law) states that objects maintain their velocity unless a force acts upon them.",0.90,"‚úÖ Excellent answer! Well-matched with key facts."
"Newton's First Law states that an object at rest stays at rest and an object in motion stays in motion unless acted upon by an external force.","Objects don't change their motion without forces acting on them.",0.75,"üëç Very good answer! Minor improvements needed."
"Mount Everest is the highest mountain in the world, standing at 8,848 meters.","Mount Everest is the tallest mountain on Earth, with an elevation of 8,848 meters. It is part of the Himalayas and lies between Nepal and Tibet.",0.95,"‚úÖ Excellent answer! Well-matched with key facts."
"Mount Everest is the highest mountain in the world, standing at 8,848 meters.","Mount Everest is the tallest mountain.",0.45,"ü§î Partially correct. Needs more specific details."
"Mount Everest is the highest mountain in the world, standing at 8,848 meters.","Mount Everest stands approximately 8,850 meters tall and is the highest peak on Earth.",0.92,"‚úÖ Excellent answer! Well-matched with key facts."
"Mount Everest is the highest mountain in the world, standing at 8,848 meters.","Mount Everest is about 9,000 meters high.",0.65,"üëç Very good answer! Minor improvements needed."
"Mount Everest is the highest mountain in the world, standing at 8,848 meters.","Mount Everest, located in the Himalayas, reaches a height of 8,848 meters above sea level, making it Earth's highest peak.",0.98,"‚úÖ Excellent answer! Well-matched with key facts."
"Mount Everest is the highest mountain in the world, standing at 8,848 meters.","Everest is tall and snowy.",0.25,"‚ö†Ô∏è Answer is too brief. Provide more details."
"The Pacific Ocean is the largest ocean on Earth, covering approximately 63 million square miles.","The Pacific is big.",0.15,"‚ö†Ô∏è Answer is too brief. Provide more details."
"The Pacific Ocean is the largest ocean on Earth, covering approximately 63 million square miles.","The Pacific Ocean is Earth's largest ocean and covers around 63 million square miles of the planet's surface.",0.98,"‚úÖ Excellent answer! Well-matched with key facts."
"The Pacific Ocean is the largest ocean on Earth, covering approximately 63 million square miles.","The Pacific Ocean is the biggest ocean.",0.55,"ü§î Partially correct. Needs more specific details."
"The Pacific Ocean is the largest ocean on Earth, covering approximately 63 million square miles.","The Pacific Ocean covers about 30% of Earth's surface and is the largest body of water.",0.75,"üëç Very good answer! Minor improvements needed."
"The Pacific Ocean is the largest ocean on Earth, covering approximately 63 million square miles.","The Pacific Ocean spans roughly 63 million square miles, making it the largest and deepest ocean on our planet.",0.95,"‚úÖ Excellent answer! Well-matched with key facts."
"The Pacific Ocean is the largest ocean on Earth, covering approximately 63 million square miles.","The Pacific Ocean is located between Asia, Australia, and the Americas.",0.42,"ü§î Partially correct. Needs more specific details."
"Mitochondria are often described as the powerhouses of the cell because they generate most of the cell's supply of adenosine triphosphate (ATP), used as a source of chemical energy.","Mitochondria are the powerhouses of the cell where energy is made.",0.65,"ü§î Partially correct. Needs more specific details."
"Mitochondria are often described as the powerhouses of the cell because they generate most of the cell's supply of adenosine triphosphate (ATP), used as a source of chemical energy.","Mitochondria produce ATP, which provides energy for cellular processes, earning them the nickname 'powerhouses of the cell'.",0.85,"‚úÖ Excellent answer! Well-matched with key facts."
"Mitochondria are often described as the powerhouses of the cell because they generate most of the cell's supply of adenosine triphosphate (ATP), used as a source of chemical energy.","Mitochondria are organelles found in cells.",0.25,"‚ö†Ô∏è Answer is too brief. Provide more details."
"Mitochondria are often described as the powerhouses of the cell because they generate most of the cell's supply of adenosine triphosphate (ATP), used as a source of chemical energy.","Mitochondria contain DNA and are responsible for cellular respiration.",0.45,"ü§î Partially correct. Needs more specific details."
"Mitochondria are often described as the powerhouses of the cell because they generate most of the cell's supply of adenosine triphosphate (ATP), used as a source of chemical energy.","Mitochondria create most of the cell's ATP through the process of cellular respiration, which is why they're called the powerhouses of the cell.",0.92,"‚úÖ Excellent answer! Well-matched with key facts."
"Mitochondria are often described as the powerhouses of the cell because they generate most of the cell's supply of adenosine triphosphate (ATP), used as a source of chemical energy.","Mitochondria have a double membrane and their own DNA.",0.35,"‚ö†Ô∏è Answer covers only some key points. Expand your response to include more details."
"Shakespeare wrote 37 plays including tragedies, comedies, and histories. His most famous works include Hamlet, Macbeth, Romeo and Juliet, and A Midsummer Night's Dream.","Shakespeare wrote plays and sonnets in the 16th century.",0.48,"ü§î Partially correct. Needs more specific details."
"Shakespeare wrote 37 plays including tragedies, comedies, and histories. His most famous works include Hamlet, Macbeth, Romeo and Juliet, and A Midsummer Night's Dream.","William Shakespeare authored 37 plays across three main genres: tragedies, comedies, and histories. Among his most renowned works are Hamlet, Macbeth, Romeo and Juliet, and A Midsummer Night's Dream.",0.98,"‚úÖ Excellent answer! Well-matched with key facts."
"Shakespeare wrote 37 plays including tragedies, comedies, and histories. His most famous works include Hamlet, Macbeth, Romeo and Juliet, and A Midsummer Night's Dream.","Shakespeare is famous for Romeo and Juliet.",0.35,"‚ö†Ô∏è Answer is too brief. Provide more details."
"Shakespeare wrote 37 plays including tragedies, comedies, and histories. His most famous works include Hamlet, Macbeth, Romeo and Juliet, and A Midsummer Night's Dream.","Shakespeare created many famous plays including Hamlet and Macbeth.",0.65,"ü§î Partially correct. Needs more specific details."
"Shakespeare wrote 37 plays including tragedies, comedies, and histories. His most famous works include Hamlet, Macbeth, Romeo and Juliet, and A Midsummer Night's Dream.","Shakespeare wrote 37 plays that are categorized as tragedies (like Hamlet and Macbeth), comedies (like A Midsummer Night's Dream), and histories (like Henry V).",0.95,"‚úÖ Excellent answer! Well-matched with key facts."
"Shakespeare wrote 37 plays including tragedies, comedies, and histories. His most famous works include Hamlet, Macbeth, Romeo and Juliet, and A Midsummer Night's Dream.","William Shakespeare was an English playwright who lived during the Elizabethan era.",0.42,"ü§î Partially correct. Needs more specific details."
"The human heart pumps blood throughout the body via the circulatory system, supplying oxygen and nutrients to the tissues and removing carbon dioxide and other wastes.","The heart pumps blood around the body.",0.45,"ü§î Partially correct. Needs more specific details."
"The human heart pumps blood throughout the body via the circulatory system, supplying oxygen and nutrients to the tissues and removing carbon dioxide and other wastes.","The human heart is a muscular organ that pumps blood through the circulatory system, delivering oxygen and nutrients while removing waste products like carbon dioxide from tissues throughout the body.",0.95,"‚úÖ Excellent answer! Well-matched with key facts."
"The human heart pumps blood throughout the body via the circulatory system, supplying oxygen and nutrients to the tissues and removing carbon dioxide and other wastes.","The heart beats about 100,000 times per day to circulate blood.",0.35,"‚ö†Ô∏è Answer covers only some key points. Expand your response to include more details."
"The human heart pumps blood throughout the body via the circulatory system, supplying oxygen and nutrients to the tissues and removing carbon dioxide and other wastes.","The human heart has four chambers and works with lungs to oxygenate blood.",0.55,"ü§î Partially correct. Needs more specific details."
"The human heart pumps blood throughout the body via the circulatory system, supplying oxygen and nutrients to the tissues and removing carbon dioxide and other wastes.","As the central organ of the circulatory system, the heart continuously pumps blood throughout the body to deliver oxygen and nutrients to cells while removing waste products.",0.92,"‚úÖ Excellent answer! Well-matched with key facts."
"The human heart pumps blood throughout the body via the circulatory system, supplying oxygen and nutrients to the tissues and removing carbon dioxide and other wastes.","Blood travels through arteries, veins and capillaries.",0.42,"ü§î Partially correct. Needs more specific details."
"DNA (deoxyribonucleic acid) is a molecule composed of two chains that coil around each other to form a double helix carrying genetic instructions for the development, functioning, growth and reproduction of all known organisms.","DNA is a double helix that contains genetic information.",0.68,"üëç Very good answer! Minor improvements needed."
"DNA (deoxyribonucleic acid) is a molecule composed of two chains that coil around each other to form a double helix carrying genetic instructions for the development, functioning, growth and reproduction of all known organisms.","DNA (deoxyribonucleic acid) consists of two complementary strands that form a double helix structure. It contains the genetic instructions needed for an organism's development, functioning, and reproduction.",0.92,"‚úÖ Excellent answer! Well-matched with key facts."
"DNA (deoxyribonucleic acid) is a molecule composed of two chains that coil around each other to form a double helix carrying genetic instructions for the development, functioning, growth and reproduction of all known organisms.","DNA is what genes are made of.",0.25,"‚ö†Ô∏è Answer is too brief. Provide more details."
"DNA (deoxyribonucleic acid) is a molecule composed of two chains that coil around each other to form a double helix carrying genetic instructions for the development, functioning, growth and reproduction of all known organisms.","DNA contains four bases: adenine, thymine, cytosine, and guanine.",0.45,"ü§î Partially correct. Needs more specific details."
"DNA (deoxyribonucleic acid) is a molecule composed of two chains that coil around each other to form a double helix carrying genetic instructions for the development, functioning, growth and reproduction of all known organisms.","DNA is a molecule that contains hereditary material and genetic instructions for all living organisms. Its structure is a double helix made of nucleotides.",0.78,"üëç Very good answer! Minor improvements needed."
"The sum of the angles in a triangle is always 180 degrees.","The angles in a triangle add up to 180 degrees.",0.95,"‚úÖ Excellent answer! Well-matched with key facts."
"The sum of the angles in a triangle is always 180 degrees.","Triangles have three sides.",0.15,"‚ö†Ô∏è Answer is too brief. Provide more details."
"The sum of the angles in a triangle is always 180 degrees.","A triangle's interior angles sum to 180 degrees in Euclidean geometry.",0.98,"‚úÖ Excellent answer! Well-matched with key facts."
"The sum of the angles in a triangle is always 180 degrees.","The angles in a triangle equal 180.",0.82,"üëç Very good answer! Minor improvements needed."
"The sum of the angles in a triangle is always 180 degrees.","All triangles have angles that add up to 180 degrees, which can be proven using parallel line properties.",0.95,"‚úÖ Excellent answer! Well-matched with key facts."
"Gravity is a force that attracts objects with mass toward each other. The greater the mass, the stronger the gravitational pull.","Gravity pulls things toward Earth.",0.55,"ü§î Partially correct. Needs more specific details."
"Gravity is a force that attracts objects with mass toward each other. The greater the mass, the stronger the gravitational pull.","Gravity is the force of attraction between all objects with mass. The strength of gravity increases with greater mass and decreases with distance.",0.92,"‚úÖ Excellent answer! Well-matched with key facts."
"Gravity is a force that attracts objects with mass toward each other. The greater the mass, the stronger the gravitational pull.","Gravity makes things fall down.",0.25,"‚ö†Ô∏è Answer is too brief. Provide more details."
"Gravity is a force that attracts objects with mass toward each other. The greater the mass, the stronger the gravitational pull.","Gravity is one of the four fundamental forces and is described by Einstein's theory of general relativity.",0.55,"ü§î Partially correct. Needs more specific details."
"Gravity is a force that attracts objects with mass toward each other. The greater the mass, the stronger the gravitational pull.","Gravity is the attractive force between masses that causes objects to accelerate toward each other. Its strength is proportional to the masses involved.",0.90,"‚úÖ Excellent answer! Well-matched with key facts."
"The American Civil War was fought from 1861 to 1865 between the Union (North) and the Confederacy (South) over issues including slavery, states' rights, and the power of the federal government.","The Civil War happened in America in the 1800s.",0.42,"ü§î Partially correct. Needs more specific details."
"The American Civil War was fought from 1861 to 1865 between the Union (North) and the Confederacy (South) over issues including slavery, states' rights, and the power of the federal government.","The American Civil War (1861-1865) was a conflict between the Union states of the North and the Confederate states of the South. Major causes included disagreements over slavery, states' rights, and federal power.",0.95,"‚úÖ Excellent answer! Well-matched with key facts."
"The American Civil War was fought from 1861 to 1865 between the Union (North) and the Confederacy (South) over issues including slavery, states' rights, and the power of the federal government.","The Civil War was about freeing the slaves.",0.35,"‚ö†Ô∏è Answer is too brief. Provide more details."
"The American Civil War was fought from 1861 to 1865 between the Union (North) and the Confederacy (South) over issues including slavery, states' rights, and the power of the federal government.","The North fought against the South in the American Civil War, which ended in 1865 with Northern victory.",0.72,"üëç Very good answer! Minor improvements needed."
"The American Civil War was fought from 1861 to 1865 between the Union (North) and the Confederacy (South) over issues including slavery, states' rights, and the power of the federal government.","The American Civil War began with the attack on Fort Sumter in 1861 and ended with Confederate surrender in 1865. It was primarily fought over slavery and states' rights.",0.88,"‚úÖ Excellent answer! Well-matched with key facts."
"The chemical formula for water is H2O, indicating that each molecule consists of two hydrogen atoms bonded to one oxygen atom.","Water is H2O.",0.65,"ü§î Partially correct. Needs more specific details."
"The chemical formula for water is H2O, indicating that each molecule consists of two hydrogen atoms bonded to one oxygen atom.","The chemical formula for water is H2O, which means each water molecule contains two hydrogen atoms and one oxygen atom joined by covalent bonds.",0.98,"‚úÖ Excellent answer! Well-matched with key facts."
"The chemical formula for water is H2O, indicating that each molecule consists of two hydrogen atoms bonded to one oxygen atom.","Water molecules are made of hydrogen and oxygen.",0.55,"ü§î Partially correct. Needs more specific details."
"The chemical formula for water is H2O, indicating that each molecule consists of two hydrogen atoms bonded to one oxygen atom.","H2O represents water, with the 2 indicating that there are two hydrogen atoms for each oxygen atom in the molecule.",0.85,"‚úÖ Excellent answer! Well-matched with key facts."
"The chemical formula for water is H2O, indicating that each molecule consists of two hydrogen atoms bonded to one oxygen atom.","Water's chemical formula is H2O, showing that it has twice as many hydrogen atoms as oxygen atoms.",0.82,"üëç Very good answer! Minor improvements needed."
"Plate tectonics is the theory that Earth's outer shell is divided into large slabs of solid rock, called 'plates,' that glide over Earth's mantle, the rocky inner layer above the core.","Plate tectonics is about how the Earth's crust moves.",0.58,"ü§î Partially correct. Needs more specific details."
"Water boils at 100 degrees Celsius at sea level.","Water boils at 100¬∞C at sea level.",0.95,"‚úÖ Excellent answer! Well-matched with key facts."
"Water boils at 100 degrees Celsius at sea level.","Water boils at around 100 degrees.",0.75,"üëç Very good answer! Minor improvements needed."
"Water boils at 100 degrees Celsius at sea level.","Water gets hot and turns to steam.",0.42,"ü§î Partially correct. Needs more specific details."
"Water boils at 100 degrees Celsius at sea level.","Water boils at 90 degrees Celsius.",0.35,"‚ö†Ô∏è Significant factual errors. Requires substantial revision."
"The Earth revolves around the Sun in approximately 365.25 days.","The Earth rotates around the Sun in 365 days.",0.75,"üëç Very good answer! Minor improvements needed."
"The Earth revolves around the Sun in approximately 365.25 days.","The Earth completes its orbit around the Sun in about 365.25 days, which is one year.",0.95,"‚úÖ Excellent answer! Well-matched with key facts."
"The Earth revolves around the Sun in approximately 365.25 days.","Earth goes around the sun.",0.45,"ü§î Partially correct. Needs more specific details."
"The Earth revolves around the Sun in approximately 365.25 days.","The Earth takes 24 hours to spin on its axis.",0.15,"‚ö†Ô∏è Significant factual errors. Requires substantial revision."
"The Great Wall of China is around 21,196 kilometers long.","The Great Wall of China is 10,000 kilometers long.",0.35,"‚ö†Ô∏è Significant factual errors. Requires substantial revision."
"The Great Wall of China is around 21,196 kilometers long.","The Great Wall of China is approximately 21,000 kilometers in length.",0.92,"‚úÖ Excellent answer! Well-matched with key facts."
"The Great Wall of China is around 21,196 kilometers long.","The Great Wall is very long and located in China.",0.48,"ü§î Partially correct. Needs more specific details."
"The Great Wall of China is around 21,196 kilometers long.","The Great Wall of China stretches for thousands of kilometers across northern China.",0.68,"üëç Very good answer! Minor improvements needed."
"Photosynthesis is the process by which green plants, algae, and some bacteria convert sunlight into chemical energy. During this process, plants take in carbon dioxide and water, and using the energy from sunlight, they produce glucose and oxygen. This process is vital for the Earth's ecosystem as it is the primary source of oxygen and organic matter for many living organisms.","Photosynthesis is how plants turn sunlight into energy. They absorb carbon dioxide and water, and through sunlight, they make glucose and release oxygen. This process supports life by producing oxygen.",0.72,"üëç Very good answer! Minor improvements needed."
"Photosynthesis is the process by which green plants, algae, and some bacteria convert sunlight into chemical energy. During this process, plants take in carbon dioxide and water, and using the energy from sunlight, they produce glucose and oxygen. This process is vital for the Earth's ecosystem as it is the primary source of oxygen and organic matter for many living organisms.","Photosynthesis is when plants make their own food using sunlight.",0.32,"‚ö†Ô∏è Answer covers only some key points. Expand your response to include more details."
"Photosynthesis is the process by which green plants, algae, and some bacteria convert sunlight into chemical energy. During this process, plants take in carbon dioxide and water, and using the energy from sunlight, they produce glucose and oxygen. This process is vital for the Earth's ecosystem as it is the primary source of oxygen and organic matter for many living organisms.","Photosynthesis is the biological process where plants, algae, and certain bacteria transform sunlight into chemical energy. The organisms absorb CO2 and H2O, and with sunlight energy, create glucose and release O2. This fundamental process provides both oxygen and organic compounds essential for Earth's ecosystem.",0.95,"‚úÖ Excellent answer! Well-matched with key facts."
"Photosynthesis is the process by which green plants, algae, and some bacteria convert sunlight into chemical energy. During this process, plants take in carbon dioxide and water, and using the energy from sunlight, they produce glucose and oxygen. This process is vital for the Earth's ecosystem as it is the primary source of oxygen and organic matter for many living organisms.","Plants use photosynthesis to convert water and nutrients from soil into energy.",0.25,"‚ö†Ô∏è Significant factual errors. Requires substantial revision."
"The Industrial Revolution was a period of major industrialization that began in the late 18th century and continued into the 19th century. It started in Britain and spread to other parts of the world. The revolution brought significant technological advancements, including the steam engine, mechanized textile production, and improved transportation systems. It also led to urbanization, changes in social structures, and economic growth.","The Industrial Revolution happened in the 18th century and started in Britain. It led to advancements in technology and transportation and changed society.",0.65,"ü§î Partially correct. Needs more specific details."
"The Industrial Revolution was a period of major industrialization that began in the late 18th century and continued into the 19th century. It started in Britain and spread to other parts of the world. The revolution brought significant technological advancements, including the steam engine, mechanized textile production, and improved transportation systems. It also led to urbanization, changes in social structures, and economic growth.","The Industrial Revolution was a time when factories were built and people moved to cities for work. It began in England.",0.48,"ü§î Partially correct. Needs more specific details."
"The Industrial Revolution was a period of major industrialization that began in the late 18th century and continued into the 19th century. It started in Britain and spread to other parts of the world. The revolution brought significant technological advancements, including the steam engine, mechanized textile production, and improved transportation systems. It also led to urbanization, changes in social structures, and economic growth.","The Industrial Revolution began in late 18th century Britain and continued through the 19th century. It introduced major technological innovations like the steam engine and mechanized manufacturing, while causing social shifts as people moved from rural areas to growing cities. This transformation spread globally and fundamentally changed economic systems.",0.92,"‚úÖ Excellent answer! Well-matched with key facts."
"The Industrial Revolution was a period of major industrialization that began in the late 18th century and continued into the 19th century. It started in Britain and spread to other parts of the world. The revolution brought significant technological advancements, including the steam engine, mechanized textile production, and improved transportation systems. It also led to urbanization, changes in social structures, and economic growth.","Industrial Revolution started in America in the 1900s with the invention of computers.",0.12,"‚ö†Ô∏è Significant factual errors. Requires substantial revision."
"World War II lasted from 1939 to 1945 and involved many countries worldwide. The war was fought between the Allies, including the United States, the Soviet Union, and Britain, and the Axis Powers, led by Germany, Japan, and Italy. Major events included the invasion of Poland, the Battle of Stalingrad, the D-Day invasion, and the dropping of atomic bombs on Hiroshima and Nagasaki. The war ended with the unconditional surrender of Germany and Japan.","World War II happened in the 1900s and was fought between Germany and the United States. It ended with a big battle.",0.28,"‚ö†Ô∏è Answer has some correct elements but needs significant improvement."
"World War II lasted from 1939 to 1945 and involved many countries worldwide. The war was fought between the Allies, including the United States, the Soviet Union, and Britain, and the Axis Powers, led by Germany, Japan, and Italy. Major events included the invasion of Poland, the Battle of Stalingrad, the D-Day invasion, and the dropping of atomic bombs on Hiroshima and Nagasaki. The war ended with the unconditional surrender of Germany and Japan.","World War II was from 1939-1945. The Allies (US, UK, USSR) fought against the Axis (Germany, Italy, Japan). It began with Germany invading Poland and ended after atomic bombs were dropped on Japan.",0.85,"‚úÖ Excellent answer! Well-matched with key facts."
"World War II lasted from 1939 to 1945 and involved many countries worldwide. The war was fought between the Allies, including the United States, the Soviet Union, and Britain, and the Axis Powers, led by Germany, Japan, and Italy. Major events included the invasion of Poland, the Battle of Stalingrad, the D-Day invasion, and the dropping of atomic bombs on Hiroshima and Nagasaki. The war ended with the unconditional surrender of Germany and Japan.","WWII was a global conflict that lasted six years starting in 1939. It involved the Allies fighting against the Axis powers.",0.58,"ü§î Partially correct. Needs more specific details."
"World War II lasted from 1939 to 1945 and involved many countries worldwide. The war was fought between the Allies, including the United States, the Soviet Union, and Britain, and the Axis Powers, led by Germany, Japan, and Italy. Major events included the invasion of Poland, the Battle of Stalingrad, the D-Day invasion, and the dropping of atomic bombs on Hiroshima and Nagasaki. The war ended with the unconditional surrender of Germany and Japan.","World War 2 was caused by economic problems after World War 1.",0.15,"‚ö†Ô∏è Significant factual errors. Requires substantial revision."
"Newton's First Law states that an object at rest stays at rest and an object in motion stays in motion unless acted upon by an external force.","According to Newton's First Law, objects remain stationary or keep moving unless an outside force interferes.",0.88,"‚úÖ Excellent answer! Well-matched with key facts."
"Newton's First Law states that an object at rest stays at rest and an object in motion stays in motion unless acted upon by an external force.","Newton's First Law is about objects and motion.",0.35,"‚ö†Ô∏è Answer is too brief. Provide more details."
"Newton's First Law states that an object at rest stays at rest and an object in motion stays in motion unless acted upon by an external force.","Newton's First Law says that objects will remain in their current state of motion unless acted on by a force.",0.92,"‚úÖ Excellent answer! Well-matched with key facts."
"Newton's First Law states that an object at rest stays at rest and an object in motion stays in motion unless acted upon by an external force.","Newton's First Law states that force equals mass times acceleration.",0.12,"‚ö†Ô∏è Significant factual errors. Requires substantial revision."
"Mount Everest is the highest mountain in the world, standing at 8,848 meters.","Mount Everest is the tallest mountain on Earth, with an elevation of 8,848 meters. It is part of the Himalayas and lies between Nepal and Tibet.",0.95,"‚úÖ Excellent answer! Well-matched with key facts."
"Mount Everest is the highest mountain in the world, standing at 8,848 meters.","Mount Everest is the tallest mountain.",0.45,"ü§î Partially correct. Needs more specific details."
"Mount Everest is the highest mountain in the world, standing at 8,848 meters.","Mount Everest stands approximately 8,850 meters tall and is the highest peak on Earth.",0.92,"‚úÖ Excellent answer! Well-matched with key facts."
"Mount Everest is the highest mountain in the world, standing at 8,848 meters.","Mount Everest is about 9,000 meters high.",0.65,"üëç Very good answer! Minor improvements needed."
"The Pacific Ocean is the largest ocean on Earth, covering approximately 63 million square miles.","The Pacific is big.",0.15,"‚ö†Ô∏è Answer is too brief. Provide more details."
"The Pacific Ocean is the largest ocean on Earth, covering approximately 63 million square miles.","The Pacific Ocean is Earth's largest ocean and covers around 63 million square miles of the planet's surface.",0.98,"‚úÖ Excellent answer! Well-matched with key facts."
"The Pacific Ocean is the largest ocean on Earth, covering approximately 63 million square miles.","The Pacific Ocean is the biggest ocean.",0.55,"ü§î Partially correct. Needs more specific details."
"The Pacific Ocean is the largest ocean on Earth, covering approximately 63 million square miles.","The Pacific Ocean covers about 30% of Earth's surface and is the largest body of water.",0.75,"üëç Very good answer! Minor improvements needed."
"Mitochondria are often described as the powerhouses of the cell because they generate most of the cell's supply of adenosine triphosphate (ATP), used as a source of chemical energy.","Mitochondria are the powerhouses of the cell where energy is made.",0.65,"ü§î Partially correct. Needs more specific details."
"Mitochondria are often described as the powerhouses of the cell because they generate most of the cell's supply of adenosine triphosphate (ATP), used as a source of chemical energy.","Mitochondria produce ATP, which provides energy for cellular processes, earning them the nickname 'powerhouses of the cell'.",0.85,"‚úÖ Excellent answer! Well-matched with key facts."
"Mitochondria are often described as the powerhouses of the cell because they generate most of the cell's supply of adenosine triphosphate (ATP), used as a source of chemical energy.","Mitochondria are organelles found in cells.",0.25,"‚ö†Ô∏è Answer is too brief. Provide more details."
"Mitochondria are often described as the powerhouses of the cell because they generate most of the cell's supply of adenosine triphosphate (ATP), used as a source of chemical energy.","Mitochondria contain DNA and are responsible for cellular respiration.",0.45,"ü§î Partially correct. Needs more specific details."
"Shakespeare wrote 37 plays including tragedies, comedies, and histories. His most famous works include Hamlet, Macbeth, Romeo and Juliet, and A Midsummer Night's Dream.","Shakespeare wrote plays and sonnets in the 16th century.",0.48,"ü§î Partially correct. Needs more specific details."
"Shakespeare wrote 37 plays including tragedies, comedies, and histories. His most famous works include Hamlet, Macbeth, Romeo and Juliet, and A Midsummer Night's Dream.","William Shakespeare authored 37 plays across three main genres: tragedies, comedies, and histories. Among his most renowned works are Hamlet, Macbeth, Romeo and Juliet, and A Midsummer Night's Dream.",0.98,"‚úÖ Excellent answer! Well-matched with key facts."
"Shakespeare wrote 37 plays including tragedies, comedies, and histories. His most famous works include Hamlet, Macbeth, Romeo and Juliet, and A Midsummer Night's Dream.","Shakespeare is famous for Romeo and Juliet.",0.35,"‚ö†Ô∏è Answer is too brief. Provide more details."
"Shakespeare wrote 37 plays including tragedies, comedies, and histories. His most famous works include Hamlet, Macbeth, Romeo and Juliet, and A Midsummer Night's Dream.","Shakespeare created many famous plays including Hamlet and Macbeth.",0.65,"ü§î Partially correct. Needs more specific details."
"The human heart pumps blood throughout the body via the circulatory system, supplying oxygen and nutrients to the tissues and removing carbon dioxide and other wastes.","The heart pumps blood around the body.",0.45,"ü§î Partially correct. Needs more specific details."
"The human heart pumps blood throughout the body via the circulatory system, supplying oxygen and nutrients to the tissues and removing carbon dioxide and other wastes.","The human heart is a muscular organ that pumps blood through the circulatory system, delivering oxygen and nutrients while removing waste products like carbon dioxide from tissues throughout the body.",0.95,"‚úÖ Excellent answer! Well-matched with key facts."
"The human heart pumps blood throughout the body via the circulatory system, supplying oxygen and nutrients to the tissues and removing carbon dioxide and other wastes.","The heart beats about 100,000 times per day to circulate blood.",0.35,"‚ö†Ô∏è Answer covers only some key points. Expand your response to include more details."
"The human heart pumps blood throughout the body via the circulatory system, supplying oxygen and nutrients to the tissues and removing carbon dioxide and other wastes.","The human heart has four chambers and works with lungs to oxygenate blood.",0.55,"ü§î Partially correct. Needs more specific details."
"The American Civil War lasted from 1861 to 1865.","The American Civil War happened from 1861 to 1865.",1.0,"‚úÖ Excellent answer! Well-matched with key facts."
"The American Civil War lasted from 1861 to 1865.","The Civil War was in the 1860s.",0.72,"üëç Good answer with minor improvements needed."
"The American Civil War lasted from 1861 to 1865.","The American Civil War was sometime in the 19th century.",0.58,"ü§î Partially correct. Needs more specific details."
"The American Civil War lasted from 1861 to 1865.","The Civil War happened from 1863 to 1865.",0.65,"‚ö†Ô∏è Contains contradictory information. Please check your facts."
"The American Civil War lasted from 1861 to 1865.","The Civil War.",0.15,"‚ö†Ô∏è Answer is too brief. Provide more details."
"The boiling point of water decreases as altitude increases due to lower atmospheric pressure.","As you go higher in altitude, water boils at lower temperatures because there's less air pressure.",0.94,"‚úÖ Excellent answer! Well-matched with key facts."
"The boiling point of water decreases as altitude increases due to lower atmospheric pressure.","Water boils at different temperatures depending on how high you are.",0.65,"ü§î Partially correct. Needs more specific details."
"The boiling point of water decreases as altitude increases due to lower atmospheric pressure.","Water boils at a higher temperature at higher altitudes.",0.3,"‚ö†Ô∏è Contains contradictory information. Please check your facts."
"Mitosis is the process of cell division that results in two identical daughter cells, each with the same number of chromosomes as the parent cell.","Mitosis is when a cell divides into two identical cells with the same chromosomes as the original cell.",0.96,"‚úÖ Excellent answer! Well-matched with key facts."
"Mitosis is the process of cell division that results in two identical daughter cells, each with the same number of chromosomes as the parent cell.","Mitosis is cell division that creates identical cells.",0.75,"üëç Good answer with minor improvements needed."
"Mitosis is the process of cell division that results in two identical daughter cells, each with the same number of chromosomes as the parent cell.","Mitosis is when cells divide to make four cells.",0.35,"‚ö†Ô∏è Contains contradictory information. Please check your facts."
"Mitosis is the process of cell division that results in two identical daughter cells, each with the same number of chromosomes as the parent cell.","Mitosis is related to cells.",0.2,"‚ö†Ô∏è Answer is too brief. Provide more details."
"Shakespeare wrote approximately 37 plays, including tragedies, comedies, and histories.","Shakespeare wrote 37 plays across different genres including comedies, tragedies, and histories.",0.97,"‚úÖ Excellent answer! Well-matched with key facts."
"Shakespeare wrote approximately 37 plays, including tragedies, comedies, and histories.","Shakespeare wrote around 35 plays of different types.",0.85,"‚úÖ Very good answer! Accurate and well-structured."
"Shakespeare wrote approximately 37 plays, including tragedies, comedies, and histories.","Shakespeare wrote plays.",0.25,"‚ö†Ô∏è Answer is too brief. Provide more details."
"Shakespeare wrote approximately 37 plays, including tragedies, comedies, and histories.","Shakespeare wrote about 100 plays and poems.",0.4,"‚ö†Ô∏è Contains contradictory information. Please check your facts."
"The human heart has four chambers: two atria and two ventricles.","The heart has four chambers - two atria at the top and two ventricles at the bottom.",0.98,"‚úÖ Excellent answer! Well-matched with key facts."
"The human heart has four chambers: two atria and two ventricles.","The heart has four chambers.",0.7,"üëç Good answer with minor improvements needed."
"The human heart has four chambers: two atria and two ventricles.","The heart has chambers that pump blood.",0.5,"ü§î Partially correct. Needs more specific details."
"The human heart has four chambers: two atria and two ventricles.","The human heart has six chambers.",0.3,"‚ö†Ô∏è Contains contradictory information. Please check your facts."
"The formula for calculating the area of a circle is A = œÄr¬≤, where r is the radius.","The area of a circle can be found using A = œÄr¬≤, with r representing the radius.",1.0,"‚úÖ Excellent answer! Well-matched with key facts."
"The formula for calculating the area of a circle is A = œÄr¬≤, where r is the radius.","To find a circle's area, multiply pi by radius squared.",0.9,"‚úÖ Very good answer! Accurate and well-structured."
"The formula for calculating the area of a circle is A = œÄr¬≤, where r is the radius.","The formula for a circle's area uses pi.",0.55,"ü§î Partially correct. Needs more specific details."
"The formula for calculating the area of a circle is A = œÄr¬≤, where r is the radius.","Circle area is calculated with A = 2œÄr.",0.4,"‚ö†Ô∏è Contains contradictory information. Please check your facts."
"Photosynthesis is the process by which plants convert light energy into chemical energy. The overall process can be summarized by the equation: 6CO‚ÇÇ + 6H‚ÇÇO + light energy ‚Üí C‚ÇÜH‚ÇÅ‚ÇÇO‚ÇÜ + 6O‚ÇÇ.","Photosynthesis is how plants use sunlight to convert carbon dioxide and water into glucose and oxygen. The equation is 6CO‚ÇÇ + 6H‚ÇÇO + light ‚Üí C‚ÇÜH‚ÇÅ‚ÇÇO‚ÇÜ + 6O‚ÇÇ.",0.95,"‚úÖ Excellent answer! Well-matched with key facts."
"Photosynthesis is the process by which plants convert light energy into chemical energy. The overall process can be summarized by the equation: 6CO‚ÇÇ + 6H‚ÇÇO + light energy ‚Üí C‚ÇÜH‚ÇÅ‚ÇÇO‚ÇÜ + 6O‚ÇÇ.","Photosynthesis is when plants make food using sunlight, producing oxygen as a byproduct.",0.75,"üëç Good answer with minor improvements needed."
"Photosynthesis is the process by which plants convert light energy into chemical energy. The overall process can be summarized by the equation: 6CO‚ÇÇ + 6H‚ÇÇO + light energy ‚Üí C‚ÇÜH‚ÇÅ‚ÇÇO‚ÇÜ + 6O‚ÇÇ.","Plants use photosynthesis to grow.",0.3,"‚ö†Ô∏è Answer is too brief. Provide more details."
"Photosynthesis is the process by which plants convert light energy into chemical energy. The overall process can be summarized by the equation: 6CO‚ÇÇ + 6H‚ÇÇO + light energy ‚Üí C‚ÇÜH‚ÇÅ‚ÇÇO‚ÇÜ + 6O‚ÇÇ.","Photosynthesis is when plants take in oxygen and release carbon dioxide.",0.25,"‚ö†Ô∏è Contains contradictory information. Please check your facts."
"DNA (deoxyribonucleic acid) is a double-stranded molecule that contains the genetic instructions for the development and functioning of all known living organisms.","DNA is a double helix molecule containing genetic instructions that guide the development and function of all living organisms.",0.92,"‚úÖ Excellent answer! Well-matched with key facts."
"DNA (deoxyribonucleic acid) is a double-stranded molecule that contains the genetic instructions for the development and functioning of all known living organisms.","DNA is the genetic material that determines characteristics of organisms.",0.7,"üëç Good answer with minor improvements needed."
"DNA (deoxyribonucleic acid) is a double-stranded molecule that contains the genetic instructions for the development and functioning of all known living organisms.","DNA has genetic information.",0.4,"‚ö†Ô∏è Answer is too brief. Provide more details."
"DNA (deoxyribonucleic acid) is a double-stranded molecule that contains the genetic instructions for the development and functioning of all known living organisms.","DNA is a single-stranded molecule found only in animals.",0.3,"‚ö†Ô∏è Contains contradictory information. Please check your facts."
"The Pythagorean theorem states that in a right triangle, the square of the length of the hypotenuse equals the sum of the squares of the lengths of the other two sides, expressed as a¬≤ + b¬≤ = c¬≤.","In a right triangle, the Pythagorean theorem shows that a¬≤ + b¬≤ = c¬≤, where c is the hypotenuse and a and b are the other sides.",0.99,"‚úÖ Excellent answer! Well-matched with key facts."
"The Pythagorean theorem states that in a right triangle, the square of the length of the hypotenuse equals the sum of the squares of the lengths of the other two sides, expressed as a¬≤ + b¬≤ = c¬≤.","The Pythagorean theorem is a¬≤ + b¬≤ = c¬≤.",0.65,"ü§î Partially correct. Needs more specific details."
"The Pythagorean theorem states that in a right triangle, the square of the length of the hypotenuse equals the sum of the squares of the lengths of the other two sides, expressed as a¬≤ + b¬≤ = c¬≤.","The Pythagorean theorem is about triangles.",0.35,"‚ö†Ô∏è Answer is too brief. Provide more details."
"The Pythagorean theorem states that in a right triangle, the square of the length of the hypotenuse equals the sum of the squares of the lengths of the other two sides, expressed as a¬≤ + b¬≤ = c¬≤.","The Pythagorean theorem states that a¬≤ - b¬≤ = c¬≤.",0.45,"‚ö†Ô∏è Contains contradictory information. Please check your facts."
"The three branches of the U.S. government are executive, legislative, and judicial.","The US government has three branches: executive (President), legislative (Congress), and judicial (Supreme Court).",0.97,"‚úÖ Excellent answer! Well-matched with key facts."
"The three branches of the U.S. government are executive, legislative, and judicial.","The three branches of the US government are executive, legislative, and judicial.",1.0,"‚úÖ Excellent answer! Well-matched with key facts."
"The three branches of the U.S. government are executive, legislative, and judicial.","The US has a government with three parts.",0.45,"ü§î Partially correct. Needs more specific details."
"The three branches of the U.S. government are executive, legislative, and judicial.","The US government has four branches: executive, legislative, judicial, and administrative.",0.4,"‚ö†Ô∏è Contains contradictory information. Please check your facts."
"Newton's Third Law of Motion states that for every action, there is an equal and opposite reaction.","Newton's Third Law says that every action has an equal and opposite reaction.",1.0,"‚úÖ Excellent answer! Well-matched with key facts."
"Newton's Third Law of Motion states that for every action, there is an equal and opposite reaction.","Newton said that forces come in pairs.",0.65,"ü§î Partially correct. Needs more specific details."
"Newton's Third Law of Motion states that for every action, there is an equal and opposite reaction.","Newton's Laws are about motion.",0.3,"‚ö†Ô∏è Answer is too brief. Provide more details."
"Newton's Third Law of Motion states that for every action, there is an equal and opposite reaction.","Newton's Third Law states that objects remain in motion unless acted upon by a force.",0.35,"‚ö†Ô∏è Contains contradictory information. Please check your facts."
"The process of natural selection was proposed by Charles Darwin as a mechanism for evolution.","Charles Darwin proposed natural selection as the mechanism for evolution in his book 'On the Origin of Species'.",0.93,"‚úÖ Excellent answer! Well-matched with key facts."
"The process of natural selection was proposed by Charles Darwin as a mechanism for evolution.","Darwin came up with natural selection to explain how species evolve.",0.9,"‚úÖ Very good answer! Accurate and well-structured."
"The process of natural selection was proposed by Charles Darwin as a mechanism for evolution.","Evolution involves natural selection.",0.6,"ü§î Partially correct. Needs more specific details."
"The process of natural selection was proposed by Charles Darwin as a mechanism for evolution.","Lamarck proposed natural selection as the primary mechanism of evolution.",0.32,"‚ö†Ô∏è Contains contradictory information. Please check your facts."
"The Great Wall of China is approximately 21,196 kilometers (13,170 miles) long.","The Great Wall of China extends about 21,196 kilometers across northern China.",0.93,"‚úÖ Excellent answer! Well-matched with key facts."
"The Great Wall of China is approximately 21,196 kilometers (13,170 miles) long.","The Great Wall is around 20,000 kilometers long.",0.85,"‚úÖ Very good answer! Accurate and well-structured."
"The Great Wall of China is approximately 21,196 kilometers (13,170 miles) long.","The Great Wall of China is really long.",0.3,"‚ö†Ô∏è Answer is too brief. Provide more details."
"The Great Wall of China is approximately 21,196 kilometers (13,170 miles) long.","The Great Wall of China is about 5,000 kilometers long.",0.42,"‚ö†Ô∏è Contains contradictory information. Please check your facts."
"Water is composed of two hydrogen atoms and one oxygen atom, with the chemical formula H‚ÇÇO.","Water's chemical formula is H‚ÇÇO, consisting of two hydrogen atoms bonded to one oxygen atom.",1.0,"‚úÖ Excellent answer! Well-matched with key facts."
"Water is composed of two hydrogen atoms and one oxygen atom, with the chemical formula H‚ÇÇO.","Water is H‚ÇÇO.",0.8,"üëç Good answer with minor improvements needed."
"Water is composed of two hydrogen atoms and one oxygen atom, with the chemical formula H‚ÇÇO.","Water contains hydrogen and oxygen.",0.65,"ü§î Partially correct. Needs more specific details."
"Water is composed of two hydrogen atoms and one oxygen atom, with the chemical formula H‚ÇÇO.","Water has the chemical formula H‚ÇÉO.",0.5,"‚ö†Ô∏è Contains contradictory information. Please check your facts."
"World War II began in 1939 with Germany's invasion of Poland and ended in 1945 with the surrender of Japan.","World War II started when Germany invaded Poland in 1939 and ended with Japan's surrender in 1945.",0.98,"‚úÖ Excellent answer! Well-matched with key facts."
"World War II began in 1939 with Germany's invasion of Poland and ended in 1945 with the surrender of Japan.","WWII was from 1939 to 1945, beginning with the invasion of Poland.",0.9,"‚úÖ Very good answer! Accurate and well-structured."
"World War II began in 1939 with Germany's invasion of Poland and ended in 1945 with the surrender of Japan.","World War II happened in the 20th century.",0.45,"ü§î Partially correct. Needs more specific details."
"World War II began in 1939 with Germany's invasion of Poland and ended in 1945 with the surrender of Japan.","World War II started in 1941 when Japan attacked the US and ended in 1946.",0.4,"‚ö†Ô∏è Contains contradictory information. Please check your facts."
"The human digestive system includes the mouth, esophagus, stomach, small intestine, large intestine, rectum, and anus.","The digestive system consists of the mouth, esophagus, stomach, small intestine, large intestine, rectum, and anus, which work together to break down food.",0.95,"‚úÖ Excellent answer! Well-matched with key facts."
"The human digestive system includes the mouth, esophagus, stomach, small intestine, large intestine, rectum, and anus.","The digestive tract has several connected organs from the mouth to the anus.",0.75,"üëç Good answer with minor improvements needed."
"The human digestive system includes the mouth, esophagus, stomach, small intestine, large intestine, rectum, and anus.","Digestion happens in the stomach.",0.35,"‚ö†Ô∏è Answer is too brief. Provide more details."
"The human digestive system includes the mouth, esophagus, stomach, small intestine, large intestine, rectum, and anus.","The digestive system includes the heart, lungs, and kidneys.",0.2,"‚ö†Ô∏è Contains contradictory information. Please check your facts."
"The periodic table organizes chemical elements by their atomic number, electron configuration, and recurring chemical properties.","The periodic table arranges elements in order of increasing atomic number, with columns (groups) showing similar chemical properties.",0.93,"‚úÖ Excellent answer! Well-matched with key facts."
"The periodic table organizes chemical elements by their atomic number, electron configuration, and recurring chemical properties.","The periodic table organizes chemical elements based on their properties.",0.75,"üëç Good answer with minor improvements needed."
"The periodic table organizes chemical elements by their atomic number, electron configuration, and recurring chemical properties.","The periodic table shows elements.",0.4,"‚ö†Ô∏è Answer is too brief. Provide more details."
"The periodic table organizes chemical elements by their atomic number, electron configuration, and recurring chemical properties.","The periodic table organizes elements alphabetically by their names.",0.35,"‚ö†Ô∏è Contains contradictory information. Please check your facts."
"The Constitutional Convention was held in Philadelphia in 1787 to address problems with the Articles of Confederation and create a new system of government.","In 1787, delegates met in Philadelphia at the Constitutional Convention to replace the Articles of Confederation with a new constitution.",0.94,"‚úÖ Excellent answer! Well-matched with key facts."
"The Constitutional Convention was held in Philadelphia in 1787 to address problems with the Articles of Confederation and create a new system of government.","The Constitutional Convention happened in Philadelphia to create a new government.",0.8,"üëç Good answer with minor improvements needed."
"The Constitutional Convention was held in Philadelphia in 1787 to address problems with the Articles of Confederation and create a new system of government.","The Constitutional Convention was a meeting.",0.25,"‚ö†Ô∏è Answer is too brief. Provide more details."
"The Constitutional Convention was held in Philadelphia in 1787 to address problems with the Articles of Confederation and create a new system of government.","The Constitutional Convention took place in Boston in 1776 to declare independence from Britain.",0.2,"‚ö†Ô∏è Contains contradictory information. Please check your facts."
"A quadratic equation can be written in the form ax¬≤ + bx + c = 0, where a, b, and c are constants and a ‚â† 0.","The standard form of a quadratic equation is ax¬≤ + bx + c = 0, where a is not equal to 0 and a, b, and c are constants.",1.0,"‚úÖ Excellent answer! Well-matched with key facts."
"A quadratic equation can be written in the form ax¬≤ + bx + c = 0, where a, b, and c are constants and a ‚â† 0.","Quadratic equations have the form ax¬≤ + bx + c = 0 where a cannot be zero.",0.9,"‚úÖ Very good answer! Accurate and well-structured."
"A quadratic equation can be written in the form ax¬≤ + bx + c = 0, where a, b, and c are constants and a ‚â† 0.","Quadratic equations include x¬≤.",0.55,"ü§î Partially correct. Needs more specific details."
"A quadratic equation can be written in the form ax¬≤ + bx + c = 0, where a, b, and c are constants and a ‚â† 0.","A quadratic equation has the form ax¬≥ + bx¬≤ + c = 0.",0.45,"‚ö†Ô∏è Contains contradictory information. Please check your facts."
"Martin Luther King Jr. delivered his famous 'I Have a Dream' speech on August 28, 1963, during the March on Washington for Jobs and Freedom.","Martin Luther King Jr. gave his iconic 'I Have a Dream' speech at the Lincoln Memorial during the March on Washington on August 28, 1963.",0.96,"‚úÖ Excellent answer! Well-matched with key facts."
"Martin Luther King Jr. delivered his famous 'I Have a Dream' speech on August 28, 1963, during the March on Washington for Jobs and Freedom.","MLK gave his 'I Have a Dream' speech in Washington DC in 1963.",0.85,"‚úÖ Very good answer! Accurate and well-structured."
"Martin Luther King Jr. delivered his famous 'I Have a Dream' speech on August 28, 1963, during the March on Washington for Jobs and Freedom.","Martin Luther King gave a famous speech.",0.35,"‚ö†Ô∏è Answer is too brief. Provide more details."
"Martin Luther King Jr. delivered his famous 'I Have a Dream' speech on August 28, 1963, during the March on Washington for Jobs and Freedom.","MLK delivered his 'I Have a Dream' speech in 1968 at the White House.",0.4,"‚ö†Ô∏è Contains contradictory information. Please check your facts."
"The cell theory states that: 1) All living organisms are composed of one or more cells, 2) The cell is the basic unit of structure and organization in organisms, and 3) All cells arise from pre-existing cells.","Cell theory has three main principles: all living things are made of cells, cells are the basic units of life, and new cells come from existing cells.",0.95,"‚úÖ Excellent answer! Well-matched with key facts."
"The cell theory states that: 1) All living organisms are composed of one or more cells, 2) The cell is the basic unit of structure and organization in organisms, and 3) All cells arise from pre-existing cells.","The cell theory says that all living things are made of cells.",0.65,"ü§î Partially correct. Needs more specific details."
"The cell theory states that: 1) All living organisms are composed of one or more cells, 2) The cell is the basic unit of structure and organization in organisms, and 3) All cells arise from pre-existing cells.","Cell theory is about cells.",0.3,"‚ö†Ô∏è Answer is too brief. Provide more details."
"The cell theory states that: 1) All living organisms are composed of one or more cells, 2) The cell is the basic unit of structure and organization in organisms, and 3) All cells arise from pre-existing cells.","Cell theory states that cells spontaneously generate from non-living matter.",0.35,"‚ö†Ô∏è Contains contradictory information. Please check your facts."
"The law of conservation of energy states that energy cannot be created or destroyed, only transformed from one form to another.","The law of conservation of energy states that energy can neither be created nor destroyed, only converted between different forms.",1.0,"‚úÖ Excellent answer! Well-matched with key facts."
"The law of conservation of energy states that energy cannot be created or destroyed, only transformed from one form to another.","Energy cannot be created or destroyed according to the conservation law.",0.9,"‚úÖ Very good answer! Accurate and well-structured."
"The law of conservation of energy states that energy cannot be created or destroyed, only transformed from one form to another.","The conservation law is about energy.",0.5,"ü§î Partially correct. Needs more specific details."
"The law of conservation of energy states that energy cannot be created or destroyed, only transformed from one form to another.","The law of conservation of energy states that energy is constantly being created and destroyed in the universe.",0.3,"‚ö†Ô∏è Contains contradictory information. Please check your facts."
"The respiratory system in humans includes the nose, pharynx, larynx, trachea, bronchi, and lungs.","The human respiratory system consists of the nose, pharynx, larynx, trachea, bronchi, and lungs, which work together to enable breathing.",0.95,"‚úÖ Excellent answer! Well-matched with key facts."
"The respiratory system in humans includes the nose, pharynx, larynx, trachea, bronchi, and lungs.","The respiratory system includes the lungs and airways that help us breathe.",0.75,"üëç Good answer with minor improvements needed."
"The respiratory system in humans includes the nose, pharynx, larynx, trachea, bronchi, and lungs.","The respiratory system helps us breathe.",0.45,"‚ö†Ô∏è Answer is too brief. Provide more details."
"The respiratory system in humans includes the nose, pharynx, larynx, trachea, bronchi, and lungs.","The human respiratory system includes the heart, liver, and kidneys.",0.2,"‚ö†Ô∏è Contains contradictory information. Please check your facts."
"The Roman Empire existed from 27 BCE to 476 CE, though the Eastern Roman Empire continued until 1453 CE as the Byzantine Empire.","The Roman Empire lasted from 27 BCE to 476 CE in the west, while the eastern portion continued as the Byzantine Empire until 1453 CE.",0.97,"‚úÖ Excellent answer! Well-matched with key facts."
"The Roman Empire existed from 27 BCE to 476 CE, though the Eastern Roman Empire continued until 1453 CE as the Byzantine Empire.","The Roman Empire fell in 476 CE, but the eastern part lasted longer as the Byzantine Empire.",0.85,"‚úÖ Very good answer! Accurate and well-structured."
"The Roman Empire existed from 27 BCE to 476 CE, though the Eastern Roman Empire continued until 1453 CE as the Byzantine Empire.","The Roman Empire was an ancient civilization.",0.4,"‚ö†Ô∏è Answer is too brief. Provide more details."
"The Roman Empire existed from 27 BCE to 476 CE, though the Eastern Roman Empire continued until 1453 CE as the Byzantine Empire.","The Roman Empire lasted from 500 BCE to 100 CE.",0.35,"‚ö†Ô∏è Contains contradictory information. Please check your facts."
"The Amazon River is approximately 6,400 kilometers (4,000 miles) long, making it the second longest river in the world.","The Amazon River is about 6,400 kilometers long and is the second longest river on Earth.",0.98,"‚úÖ Excellent answer! Well-matched with key facts."
"The Amazon River is approximately 6,400 kilometers (4,000 miles) long, making it the second longest river in the world.","The Amazon is the second longest river, measuring around 6,500 km.",0.9,"‚úÖ Very good answer! Accurate and well-structured."
"The Amazon River is approximately 6,400 kilometers (4,000 miles) long, making it the second longest river in the world.","The Amazon is a long river in South America.",0.55,"ü§î Partially correct. Needs more specific details."
"The Amazon River is approximately 6,400 kilometers (4,000 miles) long, making it the second longest river in the world.","The Amazon River is the longest river in the world at 7,500 kilometers.",0.4,"‚ö†Ô∏è Contains contradictory information. Please check your facts."
"The Hubble Space Telescope was launched into low Earth orbit in 1990 and remains in operation.","The Hubble Space Telescope was deployed in low Earth orbit in 1990 and continues operating to this day.",0.98,"‚úÖ Excellent answer! Well-matched with key facts."
"The Hubble Space Telescope was launched into low Earth orbit in 1990 and remains in operation.","Hubble was launched in 1990 and still works.",0.85,"‚úÖ Very good answer! Accurate and well-structured."
"The Hubble Space Telescope was launched into low Earth orbit in 1990 and remains in operation.","The Hubble telescope is in space.",0.5,"ü§î Partially correct. Needs more specific details."
"The Hubble Space Telescope was launched into low Earth orbit in 1990 and remains in operation.","The Hubble Space Telescope was launched in 1975 and stopped working in 2010.",0.3,"‚ö†Ô∏è Contains contradictory information. Please check your facts."